<?xml version="1.0" encoding="UTF-8"?>
<project-private xmlns="http://www.netbeans.org/ns/project-private/1">
    <editor-bookmarks xmlns="http://www.netbeans.org/ns/editor-bookmarks/2" lastBookmarkId="0"/>
    <open-files xmlns="http://www.netbeans.org/ns/projectui-open-files/2">
        <group>
            <file>file:/home/koushik/Desktop/LabExamlast/src/binary_search_thread/Sorting.java</file>
            <file>file:/home/koushik/Desktop/LabExamlast/src/binary_search_thread/Searching.java</file>
            <file>file:/home/koushik/Desktop/LabExamlast/src/StringReverse.java</file>
            <file>file:/home/koushik/Desktop/LabExamlast/src/stack/StackThread.java</file>
            <file>file:/home/koushik/Desktop/LabExamlast/src/tokenizer/stringTokenizer.java</file>
            <file>file:/home/koushik/Desktop/LabExamlast/src/fibonacchi/Fibonacchi.java</file>
            <file>file:/home/koushik/Desktop/LabExamlast/src/binary_search_thread/Main.java</file>
        </group>
    </open-files>
</project-private>
